-- Apenas dados para testes, por isso a versão do SQL alta, para ser sempre o último a ser executado

insert into app.users (id, name, email, password, active, created_at, updated_at) values
    ('677ee01b-c521-4681-aa1f-f1f4fe229d77', 'Christian', 'trent_harber32@hotmail.com', '$2a$10$qfd7liQUAdszSQiwmf8lc./MGBFQoyzBonSd66bb.CurEsHitVdfS', true, timestamp with time zone '2025-02-04 21:35:04.369685+00', timestamp with time zone '2025-02-04 21:35:04.369685+00'),
    ('5dde01c1-3a53-4ab8-90fe-51d5cbf3b979', 'Abe', 'devante.feil72@hotmail.com', '$2a$10$/4L227F71NcCLLWXc0OdGe2VEMqiX6MYjZ5wy5Va.r.UrsnW8hCIC', true, timestamp with time zone '2025-02-04 21:35:04.588026+00', timestamp with time zone '2025-02-04 21:35:04.588026+00'),
    ('7512b78f-8173-49cb-b55e-16f9d4631ce6', 'Micheal', 'tyra_lueilwitz@yahoo.com', '$2a$10$PacSw/BhugVx9QYe0rX5IeRj28AeX/guFS0fCPsf2Zxp3J.lNMIpO', true, timestamp with time zone '2025-02-04 21:35:04.718248+00', timestamp with time zone '2025-02-04 21:35:04.718248+00'),
    ('6205d54a-0308-44f2-a563-382a59622f74', 'Manuela', 'amely.stanton12@gmail.com', '$2a$10$YOm4/3/GZ8f2ppQxP.bNUO/WnoPoahotdFHMYDFz7p0NADhPIg29e', true, timestamp with time zone '2025-02-04 21:35:04.873902+00', timestamp with time zone '2025-02-04 21:35:04.873902+00'),
    ('eef59eca-9783-467c-9e54-65db9f3960c7', 'Makenna', 'reilly_gerlach72@yahoo.com', '$2a$10$KwTcQG7IdvJxYPKVhP/YEejOePnGO4Mct1oSYjhABn6EEvM5mLu.m', true, timestamp with time zone '2025-02-04 21:35:05.06151+00', timestamp with time zone '2025-02-04 21:35:05.06151+00'),
    ('1edf6fe9-be87-4494-bfa8-12c4835a7d99', 'Elza', 'aliza48@gmail.com', '$2a$10$JjWNb3WGNt9xcZWiVMBgLeq1pOjjOmUsAjrqUAnNmDeMhuKwmZ/.2', true, timestamp with time zone '2025-02-04 21:35:05.240711+00', timestamp with time zone '2025-02-04 21:35:05.240711+00'),
    ('4cf5a963-9b58-47c5-92c6-f2d1d7ed2afc', 'Raquel', 'jayce.abshire@yahoo.com', '$2a$10$YHPbmJgVpK2vbbx3fwVSj.QpJrk1arPIDrlu5RPEHvdMcMRpQQzSu', true, timestamp with time zone '2025-02-04 21:35:05.386921+00', timestamp with time zone '2025-02-04 21:35:05.386921+00'),
    ('cbb2d088-8369-4473-bc72-6a5bfb6be713', 'Madalyn', 'evans_feil@yahoo.com', '$2a$10$jKR/7OA/OVJw8XxWaM.47uJA2Hcsr7d2Rac3qe9XF0nNO2aMBRDk.', true, timestamp with time zone '2025-02-04 21:35:05.52631+00', timestamp with time zone '2025-02-04 21:35:05.52631+00'),
    ('8d3aa055-92be-4950-bacd-ceb56234d4c4', 'Nick', 'cullen_will@gmail.com', '$2a$10$sj6IXHLX/fXeB0iZkeZixOcudh2z1M19eiorGXZ4FAJN1t0LG7b2C', true, timestamp with time zone '2025-02-04 21:35:05.650733+00', timestamp with time zone '2025-02-04 21:35:05.650733+00'),
    ('80014642-ab2e-4ef0-84c1-6e174951ac07', 'Sigurd', 'hailie29@yahoo.com', '$2a$10$nU.VvixIzvEJRl0WUD7n1O3rRF05yUH8/Z/oaRS.r5LIH4qDbhXMW', true, timestamp with time zone '2025-02-04 21:35:05.827451+00', timestamp with time zone '2025-02-04 21:35:05.827451+00'),
    ('61efd53f-e256-49b4-9f92-94cc0f07fb2a', 'Domenica', 'lora74@gmail.com', '$2a$10$.ZQ6BTnz3s2FssVYPeg92eOiQCeFxLn/ualI/cTcaGNPwVVHzcVyq', true, timestamp with time zone '2025-02-04 21:35:05.945618+00', timestamp with time zone '2025-02-04 21:35:05.945618+00'),
    ('9168da02-2fda-4f8b-b8d6-4692ed22960a', 'Aubrey', 'hardy.gleason80@gmail.com', '$2a$10$GkTGT7f5C8.emBbOiZKfJOPjkQAORAGqHscUPydx5mDOLBijuxB1e', true, timestamp with time zone '2025-02-04 21:35:06.063618+00', timestamp with time zone '2025-02-04 21:35:06.063618+00'),
    ('598cdd79-1a68-44d1-8702-3d4fa7832adf', 'Meggie', 'abdullah.rath@hotmail.com', '$2a$10$9J.xhsNnamz1TbGerB1FA.AWJG.8Ies.iMcTPFCrGawhJCjdr4aAu', true, timestamp with time zone '2025-02-04 21:35:06.205335+00', timestamp with time zone '2025-02-04 21:35:06.205335+00'),
    ('8070511c-93af-4959-9a02-c49d138397d2', 'Danial', 'stella.bechtelar0@yahoo.com', '$2a$10$LtxpbaUBsvhmpubC8DrW3Ostulu9XhE4CmT/u49cUyUuEzETY3nkm', true, timestamp with time zone '2025-02-04 21:35:06.370215+00', timestamp with time zone '2025-02-04 21:35:06.370215+00'),
    ('092e2a21-cd7a-4f2e-a195-d32bbf71f20b', 'Celestino', 'trevor.yost@hotmail.com', '$2a$10$mjWXUp/Pb0nGQlPXIrUYEuIr3Vq/tk6Q3c2ASo6c/sctqMLGNI396', true, timestamp with time zone '2025-02-04 21:35:06.515006+00', timestamp with time zone '2025-02-04 21:35:06.515006+00'),
    ('9eb83e57-916c-42a2-9995-9358d1d528e9', 'Trinity', 'adolphus76@yahoo.com', '$2a$10$v6GPl82fcsqeKXO5dFEVOu7pxNASA3qKdty/CTpMfyPm.i.MPK/y.', true, timestamp with time zone '2025-02-04 21:35:06.667706+00', timestamp with time zone '2025-02-04 21:35:06.667706+00');

insert into app.users_roles (role, user_id) select 2, id from app.users;

insert into app.addresses (id, street, number, complement, neighborhood, zip_code, city_id, created_at, updated_at) values
    (UUID 'df74cd97-4c1b-4ecf-9448-9c5ff3b84761', 'Rua Makenzie Point', '1569', 'Bl 2101', 'South Buford', '80073899', 4105805, TIMESTAMP WITH TIME ZONE '2025-02-12 22:57:07.861448+00', TIMESTAMP WITH TIME ZONE '2025-02-12 22:57:07.861448+00'),
    (UUID '275f5c7b-8197-4463-b096-731e5385bcfb', 'Avenida Carter Grove', '2675', 'Bl 1871', 'South Vidalbury', '80044398', 4125506, TIMESTAMP WITH TIME ZONE '2025-02-12 22:57:08.843697+00', TIMESTAMP WITH TIME ZONE '2025-02-12 22:57:08.843697+00'),
    (UUID '6bf4986d-45dc-4565-a1d5-85c5df70d509', 'Rua Rau Crossing', '731', NULL, 'Gibsonbury', '80058033', 4100400, TIMESTAMP WITH TIME ZONE '2025-02-12 22:57:09.554666+00', TIMESTAMP WITH TIME ZONE '2025-02-12 22:57:09.554666+00'),
    (UUID '5ba3b4be-abaa-4b81-bad8-b6c91e06ec77', 'Rua Telly Junction', '947', 'Ap 2271', 'West Meredith', '80073252', 4125506, TIMESTAMP WITH TIME ZONE '2025-02-12 22:57:10.372015+00', TIMESTAMP WITH TIME ZONE '2025-02-12 22:57:10.372015+00'),
    (UUID 'b70a4587-4052-4ead-b648-2f379ae74e6b', 'Rua Ledner Forest', '84', NULL, 'Burbank', '80028202', 4100400, TIMESTAMP WITH TIME ZONE '2025-02-12 22:57:11.061415+00', TIMESTAMP WITH TIME ZONE '2025-02-12 22:57:11.061415+00'),
    (UUID '2c91d2a1-e2d7-427f-aa41-9dc54b3d034e', 'Avenida Dach Glens', '1262', 'Ap 671', 'Port Jacinto', '80070198', 4107652, TIMESTAMP WITH TIME ZONE '2025-02-12 22:57:11.794901+00', TIMESTAMP WITH TIME ZONE '2025-02-12 22:57:11.794901+00'),
    (UUID 'd7b38805-ef84-49c1-bd80-4364c81be70a', 'Avenida Tod Terrace', '1213', NULL, 'South Tristinfurt', '80006881', 4106902, TIMESTAMP WITH TIME ZONE '2025-02-12 22:57:12.429819+00', TIMESTAMP WITH TIME ZONE '2025-02-12 22:57:12.429819+00'),
    (UUID '23bc5a88-61c6-4af7-834c-9cfcb4d721bc', 'Avenida Emily Pass', '357', NULL, 'North Candidatown', '80054113', 4107652, TIMESTAMP WITH TIME ZONE '2025-02-12 22:57:13.160778+00', TIMESTAMP WITH TIME ZONE '2025-02-12 22:57:13.160778+00'),
    (UUID 'c8cf8835-133b-4dd2-b4d9-938fd440b73e', 'Avenida Rickie Fall', '1940', 'Ap 1661', 'Baton Rouge', '80030551', 4125506, TIMESTAMP WITH TIME ZONE '2025-02-12 22:57:13.890977+00', TIMESTAMP WITH TIME ZONE '2025-02-12 22:57:13.890977+00'),
    (UUID 'a8976166-6269-4619-a7e1-788adea67743', 'Avenida Donnie Shores', '97', NULL, 'Lynchburg', '80087120', 4106902, TIMESTAMP WITH TIME ZONE '2025-02-12 22:57:14.602487+00', TIMESTAMP WITH TIME ZONE '2025-02-12 22:57:14.602487+00'),
    (UUID 'f9f95110-84a6-401b-8393-71db61cf024e', 'Avenida Meda Ville', '2110', NULL, 'Lynchland', '80017767', 4100400, TIMESTAMP WITH TIME ZONE '2025-02-12 22:57:15.315646+00', TIMESTAMP WITH TIME ZONE '2025-02-12 22:57:15.315646+00'),
    (UUID '80175188-508e-44ac-aa03-1cccf5d3aade', 'Avenida Leanne Groves', '1379', 'Ap 2581', 'Oak Park', '80081137', 4119152, TIMESTAMP WITH TIME ZONE '2025-02-12 22:57:16.032652+00', TIMESTAMP WITH TIME ZONE '2025-02-12 22:57:16.032652+00'),
    (UUID '6cc347d2-a17d-4419-984f-78713f21071b', 'Avenida Hahn Drive', '266', NULL, 'Milpitas', '80049016', 4105805, TIMESTAMP WITH TIME ZONE '2025-02-12 22:57:16.706132+00', TIMESTAMP WITH TIME ZONE '2025-02-12 22:57:16.706132+00'),
    (UUID 'd5fe4382-2fa1-405c-9cb9-edffbf58bada', 'Avenida Ullrich Knoll', '2716', 'Ap 2971', 'Westfort', '80094744', 4125506, TIMESTAMP WITH TIME ZONE '2025-02-12 22:57:17.345454+00', TIMESTAMP WITH TIME ZONE '2025-02-12 22:57:17.345454+00'),
    (UUID 'eb31dd63-b089-4cdd-afaa-37dc38e8dc26', 'Avenida Dulce Glen', '1523', 'Sobrado 1851', 'Lorineborough', '80080535', 4119152, TIMESTAMP WITH TIME ZONE '2025-02-12 22:57:17.990275+00', TIMESTAMP WITH TIME ZONE '2025-02-12 22:57:17.990275+00'),
    (UUID '6dcd5886-9d69-4687-ae14-cfedeb0ce530', 'Avenida Ciara Wells', '981', 'Ap 881', 'Tremblayborough', '80045576', 4119152, TIMESTAMP WITH TIME ZONE '2025-02-12 22:57:18.760507+00', TIMESTAMP WITH TIME ZONE '2025-02-12 22:57:18.760507+00'),
    (UUID 'f0d2c924-1453-4266-80f6-2f287f1a283b', 'Rua Gus Station', '2070', 'Ap 661', 'Jerdemouth', '80080526', 4119152, TIMESTAMP WITH TIME ZONE '2025-02-12 22:57:19.418629+00', TIMESTAMP WITH TIME ZONE '2025-02-12 22:57:19.418629+00'),
    (UUID '23e385c9-9e96-4153-8142-b4940794e156', 'Rua Leanne Springs', '1101', 'Bl 1161', 'Bowie', '80035560', 4106902, TIMESTAMP WITH TIME ZONE '2025-02-12 22:57:20.227942+00', TIMESTAMP WITH TIME ZONE '2025-02-12 22:57:20.227942+00'),
    (UUID '121de50c-387f-4a47-96b1-d636a9f4672f', 'Avenida Michel Stream', '1746', NULL, 'Pocatello', '80007224', 4119152, TIMESTAMP WITH TIME ZONE '2025-02-12 22:57:20.919786+00', TIMESTAMP WITH TIME ZONE '2025-02-12 22:57:20.919786+00'),
    (UUID '830216c1-e301-4a84-b3d0-f919bc0b3ebe', 'Rua Rosenbaum Ports', '1696', NULL, 'Grantfurt', '80098052', 4119152, TIMESTAMP WITH TIME ZONE '2025-02-12 22:57:21.844158+00', TIMESTAMP WITH TIME ZONE '2025-02-12 22:57:21.844158+00'),
    (UUID 'a84d7d8d-bebd-44ac-84a6-46d215924b78', 'Avenida Annalise Centers', '977', NULL, 'Pittsfield', '80051206', 4107652, TIMESTAMP WITH TIME ZONE '2025-02-12 23:14:28.052551+00', TIMESTAMP WITH TIME ZONE '2025-02-12 23:14:28.052551+00');

insert into app.people (id, name, birthdate, email, gender, education_level, marital_status, address_id, active, created_at, updated_at) values
    (UUID '593fd8f2-f7b0-4f29-bde5-e063f9721b76', 'Ms. Lorraine Satterfield', DATE '1978-12-25', 'unique_mertz@yahoo.com', 1, 5, 1, UUID 'df74cd97-4c1b-4ecf-9448-9c5ff3b84761', TRUE, TIMESTAMP WITH TIME ZONE '2025-02-12 22:57:07.875433+00', TIMESTAMP WITH TIME ZONE '2025-02-12 22:57:07.875433+00'),
    (UUID '618e1f28-155f-4cb0-9ada-0990bd25e292', 'Carlos Lind', DATE '1958-05-24', 'emory.effertz@yahoo.com', 1, 6, 2, UUID '275f5c7b-8197-4463-b096-731e5385bcfb', TRUE, TIMESTAMP WITH TIME ZONE '2025-02-12 22:57:08.844731+00', TIMESTAMP WITH TIME ZONE '2025-02-12 22:57:08.844731+00'),
    (UUID '933f21b3-f1ca-46ff-a955-e8aa3e9450f4', 'Mrs. Harvey Haley', DATE '1955-08-07', 'rico.streich@hotmail.com', 1, 4, 1, UUID '6bf4986d-45dc-4565-a1d5-85c5df70d509', TRUE, TIMESTAMP WITH TIME ZONE '2025-02-12 22:57:09.555666+00', TIMESTAMP WITH TIME ZONE '2025-02-12 22:57:09.555666+00'),
    (UUID '9afc9847-bdfd-4ba1-b733-592145333ccc', 'Kristopher Sipes', DATE '1989-10-30', 'raven_rau@yahoo.com', 1, 1, 3, UUID '5ba3b4be-abaa-4b81-bad8-b6c91e06ec77', TRUE, TIMESTAMP WITH TIME ZONE '2025-02-12 22:57:10.372015+00', TIMESTAMP WITH TIME ZONE '2025-02-12 22:57:10.372015+00'),
    (UUID 'b464a3b8-e498-49d5-9b73-de9dab1e6aa2', 'James Considine', DATE '1994-12-05', 'maye.thompson@gmail.com', 2, 3, 1, UUID 'b70a4587-4052-4ead-b648-2f379ae74e6b', TRUE, TIMESTAMP WITH TIME ZONE '2025-02-12 22:57:11.062415+00', TIMESTAMP WITH TIME ZONE '2025-02-12 22:57:11.062415+00'),
    (UUID '4a2bf063-6abe-4f2e-9340-fcf9c0185032', 'Robert Zieme', DATE '1978-09-10', 'brooks31@gmail.com', 1, 3, 3, UUID '2c91d2a1-e2d7-427f-aa41-9dc54b3d034e', TRUE, TIMESTAMP WITH TIME ZONE '2025-02-12 22:57:11.794901+00', TIMESTAMP WITH TIME ZONE '2025-02-12 22:57:11.794901+00'),
    (UUID 'f1d84c47-1da4-4384-9ebb-9af49d927427', 'Benny Kovacek', DATE '2019-08-20', 'benjamin.smitham@gmail.com', 2, 6, 4, UUID 'd7b38805-ef84-49c1-bd80-4364c81be70a', TRUE, TIMESTAMP WITH TIME ZONE '2025-02-12 22:57:12.430828+00', TIMESTAMP WITH TIME ZONE '2025-02-12 22:57:12.430828+00'),
    (UUID '308a4c46-7f8d-4bc2-ad24-9de9e72584bd', 'Randy Mann', DATE '1969-05-31', 'braulio.keebler@hotmail.com', 1, 3, 4, UUID '23bc5a88-61c6-4af7-834c-9cfcb4d721bc', TRUE, TIMESTAMP WITH TIME ZONE '2025-02-12 22:57:13.161779+00', TIMESTAMP WITH TIME ZONE '2025-02-12 22:57:13.161779+00'),
    (UUID '1038977c-d2f4-48d1-b967-3b19fa0ee4bc', 'Ian Raynor', DATE '1989-02-13', 'cora_kautzer20@yahoo.com', 2, 1, 4, UUID 'c8cf8835-133b-4dd2-b4d9-938fd440b73e', TRUE, TIMESTAMP WITH TIME ZONE '2025-02-12 22:57:13.890977+00', TIMESTAMP WITH TIME ZONE '2025-02-12 22:57:13.890977+00'),
    (UUID '2c34665d-7fbe-49f5-b358-fbdf22d5c440', 'Mr. Beth Kerluke', DATE '1951-09-15', 'sophie54@yahoo.com', 1, 5, 1, UUID 'a8976166-6269-4619-a7e1-788adea67743', TRUE, TIMESTAMP WITH TIME ZONE '2025-02-12 22:57:14.60349+00', TIMESTAMP WITH TIME ZONE '2025-02-12 22:57:14.60349+00'),
    (UUID '4039062d-347f-4b82-90ca-e332b72c7fde', 'Elvira Wolf II', DATE '1981-10-08', 'kayleigh.shanahan@hotmail.com', 1, 1, 4, UUID 'f9f95110-84a6-401b-8393-71db61cf024e', TRUE, TIMESTAMP WITH TIME ZONE '2025-02-12 22:57:15.316533+00', TIMESTAMP WITH TIME ZONE '2025-02-12 22:57:15.316533+00'),
    (UUID '5dcaf46e-7332-40ee-ad6c-649ca11c6ef5', 'Charles Hettinger', DATE '1990-11-02', 'maude86@hotmail.com', 1, 3, 3, UUID '80175188-508e-44ac-aa03-1cccf5d3aade', TRUE, TIMESTAMP WITH TIME ZONE '2025-02-12 22:57:16.034758+00', TIMESTAMP WITH TIME ZONE '2025-02-12 22:57:16.034758+00'),
    (UUID '93d599c7-3991-493d-ad35-9c55a18af45e', 'Ora Goyette', DATE '1999-06-13', 'trystan.jones8@yahoo.com', 1, 4, 3, UUID '6cc347d2-a17d-4419-984f-78713f21071b', TRUE, TIMESTAMP WITH TIME ZONE '2025-02-12 22:57:16.707127+00', TIMESTAMP WITH TIME ZONE '2025-02-12 22:57:16.707127+00'),
    (UUID '649a2255-d1f0-4dba-85ad-03bb384240fb', 'Meredith O''Kon', DATE '1982-09-20', 'laura94@gmail.com', 1, 1, 2, UUID 'd5fe4382-2fa1-405c-9cb9-edffbf58bada', TRUE, TIMESTAMP WITH TIME ZONE '2025-02-12 22:57:17.346401+00', TIMESTAMP WITH TIME ZONE '2025-02-12 22:57:17.346401+00'),
    (UUID 'a1126ac5-1a05-4737-aea4-cff4cb2ad802', 'Mitchell Hartmann', DATE '2008-04-08', 'valerie_douglas62@yahoo.com', 2, 3, 2, UUID 'eb31dd63-b089-4cdd-afaa-37dc38e8dc26', TRUE, TIMESTAMP WITH TIME ZONE '2025-02-12 22:57:17.991144+00', TIMESTAMP WITH TIME ZONE '2025-02-12 22:57:17.991144+00'),
    (UUID '5769d850-49f4-4abc-99bd-ca925bb9b710', 'Irma Corwin', DATE '1973-01-09', 'wilford.torp20@yahoo.com', 2, 5, 4, UUID '6dcd5886-9d69-4687-ae14-cfedeb0ce530', TRUE, TIMESTAMP WITH TIME ZONE '2025-02-12 22:57:18.761507+00', TIMESTAMP WITH TIME ZONE '2025-02-12 22:57:18.761507+00'),
    (UUID '4e00ea1e-9965-4479-93f6-678aab8666b5', 'Lori Wunsch', DATE '1989-03-20', 'julien.walker@hotmail.com', 2, 4, 3, UUID 'f0d2c924-1453-4266-80f6-2f287f1a283b', TRUE, TIMESTAMP WITH TIME ZONE '2025-02-12 22:57:19.419635+00', TIMESTAMP WITH TIME ZONE '2025-02-12 22:57:19.419635+00'),
    (UUID '0aec5ef3-8e6f-4a18-b9e3-5b74b75528c8', 'Dave Breitenberg', DATE '1965-06-19', 'mckenna_schmidt97@gmail.com', 1, 7, 2, UUID '23e385c9-9e96-4153-8142-b4940794e156', TRUE, TIMESTAMP WITH TIME ZONE '2025-02-12 22:57:20.228943+00', TIMESTAMP WITH TIME ZONE '2025-02-12 22:57:20.228943+00'),
    (UUID 'bbd9f824-48a9-4e32-b194-c416b0b0b196', 'Doug Mraz', DATE '1966-03-13', 'alphonso_kunze@yahoo.com', 1, 5, 4, UUID '121de50c-387f-4a47-96b1-d636a9f4672f', TRUE, TIMESTAMP WITH TIME ZONE '2025-02-12 22:57:20.920791+00', TIMESTAMP WITH TIME ZONE '2025-02-12 22:57:20.920791+00'),
    (UUID '406f4ec2-221f-43b8-b76f-e037868716d7', 'Johnnie Kunde', DATE '1975-04-21', 'georgette96@hotmail.com', 2, 4, 2, UUID '830216c1-e301-4a84-b3d0-f919bc0b3ebe', TRUE, TIMESTAMP WITH TIME ZONE '2025-02-12 22:57:21.845112+00', TIMESTAMP WITH TIME ZONE '2025-02-12 22:57:21.845112+00');

insert into app.school_profiles (name, subtitle, address_id, active, created_at, updated_at) values
    ('Igreja de Deus', 'Vila São João', 'a84d7d8d-bebd-44ac-84a6-46d215924b78', true, TIMESTAMP WITH TIME ZONE '2025-02-12 22:58:06.135006+00', TIMESTAMP WITH TIME ZONE '2025-02-12 22:58:06.135006+00');

insert into app.phone_numbers (id, area_code, phone_number, person_id, created_at, updated_at) values
    (UUID 'd7e938c4-5793-4fa9-bb9b-e4a0a226c4e1', '41', '990369310', UUID '593fd8f2-f7b0-4f29-bde5-e063f9721b76', TIMESTAMP WITH TIME ZONE '2025-02-12 22:57:07.877449+00', TIMESTAMP WITH TIME ZONE '2025-02-12 22:57:07.877449+00'),
    (UUID 'f0081eaf-0de8-4679-a11d-1f45d4883e05', '41', '980711716', UUID '593fd8f2-f7b0-4f29-bde5-e063f9721b76', TIMESTAMP WITH TIME ZONE '2025-02-12 22:57:07.878432+00', TIMESTAMP WITH TIME ZONE '2025-02-12 22:57:07.878432+00'),
    (UUID 'b3ee8e68-f75a-42fc-9821-b977517fe257', '41', '990566649', UUID '618e1f28-155f-4cb0-9ada-0990bd25e292', TIMESTAMP WITH TIME ZONE '2025-02-12 22:57:08.845698+00', TIMESTAMP WITH TIME ZONE '2025-02-12 22:57:08.845698+00'),
    (UUID '8dd1952b-a82b-4f17-9601-0d2690040a47', '41', '980365676', UUID '618e1f28-155f-4cb0-9ada-0990bd25e292', TIMESTAMP WITH TIME ZONE '2025-02-12 22:57:08.846696+00', TIMESTAMP WITH TIME ZONE '2025-02-12 22:57:08.846696+00'),
    (UUID 'cef72578-9ccd-4558-985a-919aba4666f1', '41', '990157865', UUID '933f21b3-f1ca-46ff-a955-e8aa3e9450f4', TIMESTAMP WITH TIME ZONE '2025-02-12 22:57:09.555666+00', TIMESTAMP WITH TIME ZONE '2025-02-12 22:57:09.555666+00'),
    (UUID '2ec446c6-0a27-4b9a-80a3-7991a3c6ac54', '41', '980927567', UUID '933f21b3-f1ca-46ff-a955-e8aa3e9450f4', TIMESTAMP WITH TIME ZONE '2025-02-12 22:57:09.556671+00', TIMESTAMP WITH TIME ZONE '2025-02-12 22:57:09.556671+00'),
    (UUID 'e44c0303-ce0b-4d20-87df-2b04d6137176', '41', '990170497', UUID '9afc9847-bdfd-4ba1-b733-592145333ccc', TIMESTAMP WITH TIME ZONE '2025-02-12 22:57:10.373015+00', TIMESTAMP WITH TIME ZONE '2025-02-12 22:57:10.373015+00'),
    (UUID 'f40168e4-8515-4a76-8630-fae37c1d2777', '41', '980331312', UUID '9afc9847-bdfd-4ba1-b733-592145333ccc', TIMESTAMP WITH TIME ZONE '2025-02-12 22:57:10.373015+00', TIMESTAMP WITH TIME ZONE '2025-02-12 22:57:10.373015+00'),
    (UUID '064958c8-77a4-462c-b653-6c467c534e91', '41', '990770065', UUID 'b464a3b8-e498-49d5-9b73-de9dab1e6aa2', TIMESTAMP WITH TIME ZONE '2025-02-12 22:57:11.062415+00', TIMESTAMP WITH TIME ZONE '2025-02-12 22:57:11.062415+00'),
    (UUID '0a6453d7-bf56-4705-834c-7d91adaea2ca', '41', '980655458', UUID 'b464a3b8-e498-49d5-9b73-de9dab1e6aa2', TIMESTAMP WITH TIME ZONE '2025-02-12 22:57:11.06342+00', TIMESTAMP WITH TIME ZONE '2025-02-12 22:57:11.06342+00'),
    (UUID '23c84909-445c-4352-ad04-faef00f45703', '41', '990208792', UUID '4a2bf063-6abe-4f2e-9340-fcf9c0185032', TIMESTAMP WITH TIME ZONE '2025-02-12 22:57:11.7959+00', TIMESTAMP WITH TIME ZONE '2025-02-12 22:57:11.7959+00'),
    (UUID 'ae961af4-05d1-4635-acdb-b95495097bd7', '41', '980797088', UUID '4a2bf063-6abe-4f2e-9340-fcf9c0185032', TIMESTAMP WITH TIME ZONE '2025-02-12 22:57:11.7959+00', TIMESTAMP WITH TIME ZONE '2025-02-12 22:57:11.7959+00'),
    (UUID '4eb99043-483e-4c38-a6fd-60c19ba10ee8', '41', '990017165', UUID 'f1d84c47-1da4-4384-9ebb-9af49d927427', TIMESTAMP WITH TIME ZONE '2025-02-12 22:57:12.430828+00', TIMESTAMP WITH TIME ZONE '2025-02-12 22:57:12.430828+00'),
    (UUID '8dc63a0e-8409-4715-bd54-9c7cf1667986', '41', '980829379', UUID 'f1d84c47-1da4-4384-9ebb-9af49d927427', TIMESTAMP WITH TIME ZONE '2025-02-12 22:57:12.430828+00', TIMESTAMP WITH TIME ZONE '2025-02-12 22:57:12.430828+00'),
    (UUID 'e4e12e4a-a112-4b2b-b6e9-42fe823fbe5a', '41', '990101191', UUID '308a4c46-7f8d-4bc2-ad24-9de9e72584bd', TIMESTAMP WITH TIME ZONE '2025-02-12 22:57:13.162781+00', TIMESTAMP WITH TIME ZONE '2025-02-12 22:57:13.162781+00'),
    (UUID 'b66b13bd-9911-4f72-af7e-610586ca8549', '41', '980509242', UUID '308a4c46-7f8d-4bc2-ad24-9de9e72584bd', TIMESTAMP WITH TIME ZONE '2025-02-12 22:57:13.162781+00', TIMESTAMP WITH TIME ZONE '2025-02-12 22:57:13.162781+00'),
    (UUID '9c1ad1ac-61e4-42d6-959a-04188f3211b1', '41', '990807750', UUID '1038977c-d2f4-48d1-b967-3b19fa0ee4bc', TIMESTAMP WITH TIME ZONE '2025-02-12 22:57:13.891983+00', TIMESTAMP WITH TIME ZONE '2025-02-12 22:57:13.891983+00'),
    (UUID '4f5d948a-5811-4474-b4af-b1fab1df1ba6', '41', '980418550', UUID '1038977c-d2f4-48d1-b967-3b19fa0ee4bc', TIMESTAMP WITH TIME ZONE '2025-02-12 22:57:13.892988+00', TIMESTAMP WITH TIME ZONE '2025-02-12 22:57:13.892988+00'),
    (UUID '66c7e8ee-8151-466b-98f2-0c1868e80d9a', '41', '990547004', UUID '2c34665d-7fbe-49f5-b358-fbdf22d5c440', TIMESTAMP WITH TIME ZONE '2025-02-12 22:57:14.604474+00', TIMESTAMP WITH TIME ZONE '2025-02-12 22:57:14.604474+00'),
    (UUID 'a2a56f54-cdd0-4c50-9603-35492d94d396', '41', '980122640', UUID '2c34665d-7fbe-49f5-b358-fbdf22d5c440', TIMESTAMP WITH TIME ZONE '2025-02-12 22:57:14.604474+00', TIMESTAMP WITH TIME ZONE '2025-02-12 22:57:14.604474+00'),
    (UUID '3131332d-739b-47cd-9cfa-2f4d2c745f1e', '41', '990796582', UUID '4039062d-347f-4b82-90ca-e332b72c7fde', TIMESTAMP WITH TIME ZONE '2025-02-12 22:57:15.316533+00', TIMESTAMP WITH TIME ZONE '2025-02-12 22:57:15.316533+00'),
    (UUID '9edb8c00-6a96-4dfd-b6e9-4f195e2113d7', '41', '980618380', UUID '4039062d-347f-4b82-90ca-e332b72c7fde', TIMESTAMP WITH TIME ZONE '2025-02-12 22:57:15.317517+00', TIMESTAMP WITH TIME ZONE '2025-02-12 22:57:15.317517+00'),
    (UUID '1023d5be-863b-4690-9bb5-2cc0491fd599', '41', '990617634', UUID '5dcaf46e-7332-40ee-ad6c-649ca11c6ef5', TIMESTAMP WITH TIME ZONE '2025-02-12 22:57:16.036747+00', TIMESTAMP WITH TIME ZONE '2025-02-12 22:57:16.036747+00'),
    (UUID '81723988-d954-4a80-88b9-f99c90f5d4dc', '41', '980038211', UUID '5dcaf46e-7332-40ee-ad6c-649ca11c6ef5', TIMESTAMP WITH TIME ZONE '2025-02-12 22:57:16.037752+00', TIMESTAMP WITH TIME ZONE '2025-02-12 22:57:16.037752+00'),
    (UUID '8ec2ffd6-0d40-4141-9525-13ca19b28f36', '41', '990600465', UUID '93d599c7-3991-493d-ad35-9c55a18af45e', TIMESTAMP WITH TIME ZONE '2025-02-12 22:57:16.708126+00', TIMESTAMP WITH TIME ZONE '2025-02-12 22:57:16.708126+00'),
    (UUID 'd230c8a2-41e9-4356-b15d-81bb31a6b1c9', '41', '980753487', UUID '93d599c7-3991-493d-ad35-9c55a18af45e', TIMESTAMP WITH TIME ZONE '2025-02-12 22:57:16.710135+00', TIMESTAMP WITH TIME ZONE '2025-02-12 22:57:16.710135+00'),
    (UUID 'fba3a929-7693-479a-bdcb-a9db88636508', '41', '990722756', UUID '649a2255-d1f0-4dba-85ad-03bb384240fb', TIMESTAMP WITH TIME ZONE '2025-02-12 22:57:17.347403+00', TIMESTAMP WITH TIME ZONE '2025-02-12 22:57:17.347403+00'),
    (UUID 'f8f1f4f9-49cc-46d4-9a70-f32dd7d68619', '41', '980783196', UUID '649a2255-d1f0-4dba-85ad-03bb384240fb', TIMESTAMP WITH TIME ZONE '2025-02-12 22:57:17.349403+00', TIMESTAMP WITH TIME ZONE '2025-02-12 22:57:17.349403+00'),
    (UUID 'ad7b2cba-a627-4e79-b2a6-d560f2b120a3', '41', '990140530', UUID 'a1126ac5-1a05-4737-aea4-cff4cb2ad802', TIMESTAMP WITH TIME ZONE '2025-02-12 22:57:17.993151+00', TIMESTAMP WITH TIME ZONE '2025-02-12 22:57:17.993151+00'),
    (UUID 'f8ca3756-e9a5-49e1-bc06-6887101feeed', '41', '980290703', UUID 'a1126ac5-1a05-4737-aea4-cff4cb2ad802', TIMESTAMP WITH TIME ZONE '2025-02-12 22:57:17.994143+00', TIMESTAMP WITH TIME ZONE '2025-02-12 22:57:17.994143+00'),
    (UUID '1cebf7a5-abcd-43cc-84cc-ef3c3ede6e34', '41', '990699269', UUID '5769d850-49f4-4abc-99bd-ca925bb9b710', TIMESTAMP WITH TIME ZONE '2025-02-12 22:57:18.762508+00', TIMESTAMP WITH TIME ZONE '2025-02-12 22:57:18.762508+00'),
    (UUID 'ed2d179d-c355-4b46-8778-fd7b8693008a', '41', '980598962', UUID '5769d850-49f4-4abc-99bd-ca925bb9b710', TIMESTAMP WITH TIME ZONE '2025-02-12 22:57:18.762508+00', TIMESTAMP WITH TIME ZONE '2025-02-12 22:57:18.762508+00'),
    (UUID 'e58d4e5e-fc58-4370-9c52-8533a4ff891a', '41', '990180384', UUID '4e00ea1e-9965-4479-93f6-678aab8666b5', TIMESTAMP WITH TIME ZONE '2025-02-12 22:57:19.419635+00', TIMESTAMP WITH TIME ZONE '2025-02-12 22:57:19.419635+00'),
    (UUID '0d526593-a487-4f97-abec-489666336d3f', '41', '980808107', UUID '4e00ea1e-9965-4479-93f6-678aab8666b5', TIMESTAMP WITH TIME ZONE '2025-02-12 22:57:19.420735+00', TIMESTAMP WITH TIME ZONE '2025-02-12 22:57:19.420735+00'),
    (UUID 'd12b67b7-b2cc-4d31-874e-a6e185892453', '41', '990475031', UUID '0aec5ef3-8e6f-4a18-b9e3-5b74b75528c8', TIMESTAMP WITH TIME ZONE '2025-02-12 22:57:20.228943+00', TIMESTAMP WITH TIME ZONE '2025-02-12 22:57:20.228943+00'),
    (UUID '66801dab-9bb3-4506-bdbd-267f2eef373f', '41', '980893722', UUID '0aec5ef3-8e6f-4a18-b9e3-5b74b75528c8', TIMESTAMP WITH TIME ZONE '2025-02-12 22:57:20.228943+00', TIMESTAMP WITH TIME ZONE '2025-02-12 22:57:20.228943+00'),
    (UUID 'dd3b49d5-b0bd-4282-aa93-74decafd2571', '41', '990990631', UUID 'bbd9f824-48a9-4e32-b194-c416b0b0b196', TIMESTAMP WITH TIME ZONE '2025-02-12 22:57:20.920791+00', TIMESTAMP WITH TIME ZONE '2025-02-12 22:57:20.920791+00'),
    (UUID 'a7728f2f-2633-4d87-8a11-91172e945cea', '41', '980977321', UUID 'bbd9f824-48a9-4e32-b194-c416b0b0b196', TIMESTAMP WITH TIME ZONE '2025-02-12 22:57:20.921791+00', TIMESTAMP WITH TIME ZONE '2025-02-12 22:57:20.921791+00'),
    (UUID '7d984a89-5535-4a99-9a3a-5997be840033', '41', '990917669', UUID '406f4ec2-221f-43b8-b76f-e037868716d7', TIMESTAMP WITH TIME ZONE '2025-02-12 22:57:21.845112+00', TIMESTAMP WITH TIME ZONE '2025-02-12 22:57:21.845112+00'),
    (UUID '61055417-0b3c-4e9b-a60d-bd7a2bce9c4e', '41', '980186908', UUID '406f4ec2-221f-43b8-b76f-e037868716d7', TIMESTAMP WITH TIME ZONE '2025-02-12 22:57:21.846106+00', TIMESTAMP WITH TIME ZONE '2025-02-12 22:57:21.846106+00');


insert into app.classrooms (name, age_range_id, active, created_at, updated_at) select name, id, true, created_at, updated_at from app.age_ranges;


INSERT INTO app.lessons (lesson_number, lesson_date, notes, active, classroom_id)
SELECT
    gs.lesson_number,
    DATEADD('DAY', -15 + (gs.lesson_number - 1) * 3, CURRENT_DATE),
    NULL,
    TRUE,
    id
FROM
    app.classrooms
CROSS JOIN SYSTEM_RANGE(1,20) AS gs(lesson_number);


insert into app.students (person_id, classroom_id, active)
    SELECT p.id, c.id, true
    FROM app.people p
    JOIN app.age_ranges ar
        ON TIMESTAMPDIFF(YEAR, p.birthdate, CURRENT_DATE) >= ar.min_age
        AND (ar.max_age IS NULL OR TIMESTAMPDIFF(YEAR, p.birthdate, CURRENT_DATE) <= ar.max_age)
    JOIN app.classrooms c on c.age_range_id = ar.id
    ORDER BY p.id, ar.id;


insert into app.attendances (present, active, student_id, lesson_id)
select
    CASE
        WHEN RAND() < 0.5 THEN TRUE
        ELSE FALSE
    END,
    true,
    s.id,
    l.id
from app.lessons l
join app.classrooms c on c.id = l.classroom_id
join app.students s on s.classroom_id = c.id
where l.lesson_date < CURRENT_DATE;


insert into app.addresses (id, street, number, complement, neighborhood, zip_code, city_id, created_at, updated_at) values
    (UUID 'fe760dc9-933b-46d2-a060-0d5bf8257c09', 'Rua Luna Street', '2691', 'Bl 561', 'Port Pedroshire', '80047900', 4107652, TIMESTAMP WITH TIME ZONE '2025-02-13 00:52:45.503047+00', TIMESTAMP WITH TIME ZONE '2025-02-13 00:52:45.503047+00'),
    (UUID 'cc86a2b0-8cac-4e55-8365-8973fc9b972b', 'Avenida Giovani Park', '1252', 'Bl 1751', 'East Ivy', '80029015', 4100400, TIMESTAMP WITH TIME ZONE '2025-02-13 00:52:46.530288+00', TIMESTAMP WITH TIME ZONE '2025-02-13 00:52:46.530288+00'),
    (UUID '3bb7bd30-b917-434f-9b85-f86288620cbc', 'Avenida Boyd Flats', '348', NULL, 'Yazminton', '80097704', 4107652, TIMESTAMP WITH TIME ZONE '2025-02-13 00:52:47.456588+00', TIMESTAMP WITH TIME ZONE '2025-02-13 00:52:47.456588+00'),
    (UUID '2f3c4128-c85c-4a10-96dc-afdecce2ca83', 'Rua Elizabeth Walks', '2764', NULL, 'Narcisoport', '80090004', 4100400, TIMESTAMP WITH TIME ZONE '2025-02-13 00:52:48.781872+00', TIMESTAMP WITH TIME ZONE '2025-02-13 00:52:48.781872+00');


insert into app.people (id, name, birthdate, email, gender, education_level, marital_status, address_id, active, created_at, updated_at) values
    (UUID 'e106e90d-b875-4893-9c1c-f42858941304', 'Jon Sporer', DATE '1940-01-01', 'daphnee_leuschke@gmail.com', 1, 4, 1, UUID 'fe760dc9-933b-46d2-a060-0d5bf8257c09', TRUE, TIMESTAMP WITH TIME ZONE '2025-02-13 00:52:45.525031+00', TIMESTAMP WITH TIME ZONE '2025-02-13 00:52:45.525031+00'),
    (UUID '993fa0a7-f713-46cd-b500-4af4c2ae489c', 'Irvin Daugherty', DATE '1940-01-01', 'geo27@yahoo.com', 2, 7, 1, UUID 'cc86a2b0-8cac-4e55-8365-8973fc9b972b', TRUE, TIMESTAMP WITH TIME ZONE '2025-02-13 00:52:46.531287+00', TIMESTAMP WITH TIME ZONE '2025-02-13 00:52:46.531287+00'),
    (UUID '351c23a1-812e-463b-bb70-d9a076a52a3b', 'Rodney Kozey', DATE '1940-01-01', 'brianne_kutch@yahoo.com', 1, 4, 1, UUID '3bb7bd30-b917-434f-9b85-f86288620cbc', TRUE, TIMESTAMP WITH TIME ZONE '2025-02-13 00:52:47.458595+00', TIMESTAMP WITH TIME ZONE '2025-02-13 00:52:47.458595+00'),
    (UUID '3cb844b1-5c3e-462a-9380-20655fe78af8', 'Elmer Nader', DATE '1940-01-01', 'tracy52@yahoo.com', 1, 1, 1, UUID '2f3c4128-c85c-4a10-96dc-afdecce2ca83', TRUE, TIMESTAMP WITH TIME ZONE '2025-02-13 00:52:48.78287+00', TIMESTAMP WITH TIME ZONE '2025-02-13 00:52:48.78287+00');

insert into app.phone_numbers (id, area_code, phone_number, person_id, created_at, updated_at) values
    (UUID '49f50673-8936-45dc-967a-0278dff9924f', '41', '990532642', UUID 'e106e90d-b875-4893-9c1c-f42858941304', TIMESTAMP WITH TIME ZONE '2025-02-13 00:52:45.528071+00', TIMESTAMP WITH TIME ZONE '2025-02-13 00:52:45.528071+00'),
    (UUID '79f78edc-f420-4be0-a508-c8f554670ea8', '41', '980646880', UUID 'e106e90d-b875-4893-9c1c-f42858941304', TIMESTAMP WITH TIME ZONE '2025-02-13 00:52:45.529031+00', TIMESTAMP WITH TIME ZONE '2025-02-13 00:52:45.529031+00'),
    (UUID 'a0d8e94b-6e5e-44e8-95fe-e82944ec29d4', '41', '990311547', UUID '993fa0a7-f713-46cd-b500-4af4c2ae489c', TIMESTAMP WITH TIME ZONE '2025-02-13 00:52:46.531287+00', TIMESTAMP WITH TIME ZONE '2025-02-13 00:52:46.531287+00'),
    (UUID '04bb0e4e-fb69-44b3-a643-d1348d83adc5', '41', '980326568', UUID '993fa0a7-f713-46cd-b500-4af4c2ae489c', TIMESTAMP WITH TIME ZONE '2025-02-13 00:52:46.531287+00', TIMESTAMP WITH TIME ZONE '2025-02-13 00:52:46.531287+00'),
    (UUID '1e10ebb8-c43d-478e-9ff0-05d18cfd2b2c', '41', '990454181', UUID '351c23a1-812e-463b-bb70-d9a076a52a3b', TIMESTAMP WITH TIME ZONE '2025-02-13 00:52:47.461594+00', TIMESTAMP WITH TIME ZONE '2025-02-13 00:52:47.461594+00'),
    (UUID '78cf9b04-bb40-4924-894b-8efb4ea9d436', '41', '980915690', UUID '351c23a1-812e-463b-bb70-d9a076a52a3b', TIMESTAMP WITH TIME ZONE '2025-02-13 00:52:47.462593+00', TIMESTAMP WITH TIME ZONE '2025-02-13 00:52:47.462593+00'),
    (UUID '6d8d48d6-008c-461f-a95b-3d542a5f8b51', '41', '990472117', UUID '3cb844b1-5c3e-462a-9380-20655fe78af8', TIMESTAMP WITH TIME ZONE '2025-02-13 00:52:48.785871+00', TIMESTAMP WITH TIME ZONE '2025-02-13 00:52:48.785871+00'),
    (UUID 'f6752955-b14a-4149-9815-551493ab3cc8', '41', '980157453', UUID '3cb844b1-5c3e-462a-9380-20655fe78af8', TIMESTAMP WITH TIME ZONE '2025-02-13 00:52:48.786868+00', TIMESTAMP WITH TIME ZONE '2025-02-13 00:52:48.786868+00');

insert into app.teachers (person_id, classroom_id, active)
    SELECT p.person_id, c.id, true
    FROM app.classrooms c
    CROSS JOIN (
        select * from (values
            ('e106e90d-b875-4893-9c1c-f42858941304'),
            ('993fa0a7-f713-46cd-b500-4af4c2ae489c'),
            ('351c23a1-812e-463b-bb70-d9a076a52a3b'),
            ('3cb844b1-5c3e-462a-9380-20655fe78af8')
        ) as p(person_id)
    ) p
    ORDER BY RANDOM()
    LIMIT (select count(*) from app.classrooms);

insert into app.teachings (active, teacher_id, lesson_id)
select
    true,
    t.id,
    l.id
from app.lessons l
join app.classrooms c on c.id = l.classroom_id
join app.teachers t on t.classroom_id = c.id
where l.lesson_date < CURRENT_DATE;

